{
  "dataset": "china",
  "method": "msc",
  "winner": {
    "lv_count": 21,
    "preprocessing_specification": {
      "label": "msc"
    },
    "cv_mean_rmse": 0.23841030961493587,
    "cv_se_rmse": 0.006862924664947051,
    "cv_minimum_mean_rmse": 0.2315670972169586,
    "cv_se_at_minimum": 0.007031568369759741,
    "cv_one_se_threshold": 0.23859866558671833,
    "n_candidates_within_one_se": 5
  },
  "train_metrics": {
    "rmse": 0.14715822494202785,
    "r2": 0.9677882439715515,
    "mbd": 5.099589012632298e-17,
    "rpiq": 4.1451981378567595,
    "n": 209
  },
  "test_metrics": {
    "rmse": 0.2140305265188127,
    "r2": 0.8661971762122863,
    "mbd": 0.05525144729317068,
    "rpiq": 2.429559971924348,
    "n": 53
  },
  "runtime_seconds": 2.3811919689178467,
  "configuration": {
    "cv_n_repeats": 5,
    "cv_n_folds": 10,
    "cv_base_random_seed": 42,
    "plsr_lv_min": 1,
    "plsr_lv_max": 25,
    "sg_window_grid": [
      7,
      9,
      11,
      13,
      15,
      17,
      19,
      21,
      23,
      25,
      27,
      29,
      31
    ],
    "sg_polyorder_grid": [
      2,
      3
    ],
    "sgd_derivative_order": 2
  }
}