{
  "dataset": "china",
  "method": "none",
  "winner": {
    "lv_count": 20,
    "preprocessing_specification": {
      "label": "none"
    },
    "cv_mean_rmse": 0.2517840897459697,
    "cv_se_rmse": 0.006932880612095462,
    "cv_minimum_mean_rmse": 0.24525105595664853,
    "cv_se_at_minimum": 0.007321463964029163,
    "cv_one_se_threshold": 0.2525725199206777,
    "n_candidates_within_one_se": 6
  },
  "train_metrics": {
    "rmse": 0.16659023654216043,
    "r2": 0.9587195512709812,
    "mbd": -2.1142046114871401e-16,
    "rpiq": 3.661679175571745,
    "n": 209
  },
  "test_metrics": {
    "rmse": 0.24093867436430788,
    "r2": 0.8304386474069005,
    "mbd": 0.08246405574712726,
    "rpiq": 2.1582255375645567,
    "n": 53
  },
  "runtime_seconds": 2.1803224086761475,
  "configuration": {
    "cv_n_repeats": 5,
    "cv_n_folds": 10,
    "cv_base_random_seed": 42,
    "plsr_lv_min": 1,
    "plsr_lv_max": 25,
    "sg_window_grid": [
      7,
      9,
      11,
      13,
      15,
      17,
      19,
      21,
      23,
      25,
      27,
      29,
      31
    ],
    "sg_polyorder_grid": [
      2,
      3
    ],
    "sgd_derivative_order": 2
  }
}