{
  "dataset": "china",
  "method": "snv",
  "winner": {
    "lv_count": 22,
    "preprocessing_specification": {
      "label": "snv"
    },
    "cv_mean_rmse": 0.23415254949646877,
    "cv_se_rmse": 0.006815550137488349,
    "cv_minimum_mean_rmse": 0.23134707029601168,
    "cv_se_at_minimum": 0.006651239832254479,
    "cv_one_se_threshold": 0.23799831012826617,
    "n_candidates_within_one_se": 4
  },
  "train_metrics": {
    "rmse": 0.14330953414192196,
    "r2": 0.9694511062277802,
    "mbd": -6.162003390264027e-17,
    "rpiq": 4.256520709891543,
    "n": 209
  },
  "test_metrics": {
    "rmse": 0.20701929431023858,
    "r2": 0.8748198444573909,
    "mbd": 0.05475193299943419,
    "rpiq": 2.511843167722953,
    "n": 53
  },
  "runtime_seconds": 2.2615599632263184,
  "configuration": {
    "cv_n_repeats": 5,
    "cv_n_folds": 10,
    "cv_base_random_seed": 42,
    "plsr_lv_min": 1,
    "plsr_lv_max": 25,
    "sg_window_grid": [
      7,
      9,
      11,
      13,
      15,
      17,
      19,
      21,
      23,
      25,
      27,
      29,
      31
    ],
    "sg_polyorder_grid": [
      2,
      3
    ],
    "sgd_derivative_order": 2
  }
}