{
  "dataset": "global",
  "method": "sg",
  "winner": {
    "lv_count": 14,
    "preprocessing_specification": {
      "label": "sg",
      "window": 7,
      "polyorder": 2,
      "deriv": 0
    },
    "cv_mean_rmse": 1.6534998004512351,
    "cv_se_rmse": 0.10176316384155412,
    "cv_minimum_mean_rmse": 1.5651495622857359,
    "cv_se_at_minimum": 0.094320971029017,
    "cv_one_se_threshold": 1.6594705333147528,
    "n_candidates_within_one_se": 308
  },
  "train_metrics": {
    "rmse": 1.6762686422350792,
    "r2": 0.6373415713148316,
    "mbd": 1.20016602224102e-16,
    "rpiq": 0.5786661967896954,
    "n": 3197
  },
  "test_metrics": {
    "rmse": 1.7110559896703306,
    "r2": 0.5975727947710038,
    "mbd": 0.05604153993876846,
    "rpiq": 0.5669013789472138,
    "n": 800
  },
  "runtime_seconds": 758.5774493217468,
  "configuration": {
    "cv_n_repeats": 5,
    "cv_n_folds": 10,
    "cv_base_random_seed": 42,
    "plsr_lv_min": 1,
    "plsr_lv_max": 25,
    "sg_window_grid": [
      7,
      9,
      11,
      13,
      15,
      17,
      19,
      21,
      23,
      25,
      27,
      29,
      31
    ],
    "sg_polyorder_grid": [
      2,
      3
    ],
    "sgd_derivative_order": 2
  }
}