{
  "dataset": "global",
  "method": "none",
  "winner": {
    "lv_count": 14,
    "preprocessing_specification": {
      "label": "none"
    },
    "cv_mean_rmse": 1.6532043689812355,
    "cv_se_rmse": 0.1017311045319605,
    "cv_minimum_mean_rmse": 1.56368125655773,
    "cv_se_at_minimum": 0.09417752302250153,
    "cv_one_se_threshold": 1.6578587795802315,
    "n_candidates_within_one_se": 12
  },
  "train_metrics": {
    "rmse": 1.6758085207115687,
    "r2": 0.6375406373150367,
    "mbd": -1.3335178024900223e-17,
    "rpiq": 0.5788250793641544,
    "n": 3197
  },
  "test_metrics": {
    "rmse": 1.710518743393834,
    "r2": 0.5978254674791776,
    "mbd": 0.05596030344593169,
    "rpiq": 0.5670794335029773,
    "n": 800
  },
  "runtime_seconds": 37.5805230140686,
  "configuration": {
    "cv_n_repeats": 5,
    "cv_n_folds": 10,
    "cv_base_random_seed": 42,
    "plsr_lv_min": 1,
    "plsr_lv_max": 25,
    "sg_window_grid": [
      7,
      9,
      11,
      13,
      15,
      17,
      19,
      21,
      23,
      25,
      27,
      29,
      31
    ],
    "sg_polyorder_grid": [
      2,
      3
    ],
    "sgd_derivative_order": 2
  }
}