{
  "dataset": "global",
  "method": "msc",
  "winner": {
    "lv_count": 13,
    "preprocessing_specification": {
      "label": "msc"
    },
    "cv_mean_rmse": 1.6176746048734527,
    "cv_se_rmse": 0.09740810434507428,
    "cv_minimum_mean_rmse": 1.5442288108253812,
    "cv_se_at_minimum": 0.09196474653163737,
    "cv_one_se_threshold": 1.6361935573570185,
    "n_candidates_within_one_se": 13
  },
  "train_metrics": {
    "rmse": 1.6043490347582712,
    "r2": 0.6677934059715134,
    "mbd": 3.556047473306726e-17,
    "rpiq": 0.6046065905765642,
    "n": 3197
  },
  "test_metrics": {
    "rmse": 1.5966720195205928,
    "r2": 0.6495788422339788,
    "mbd": 0.054486380682252,
    "rpiq": 0.6075136209196216,
    "n": 800
  },
  "runtime_seconds": 32.44225788116455,
  "configuration": {
    "cv_n_repeats": 5,
    "cv_n_folds": 10,
    "cv_base_random_seed": 42,
    "plsr_lv_min": 1,
    "plsr_lv_max": 25,
    "sg_window_grid": [
      7,
      9,
      11,
      13,
      15,
      17,
      19,
      21,
      23,
      25,
      27,
      29,
      31
    ],
    "sg_polyorder_grid": [
      2,
      3
    ],
    "sgd_derivative_order": 2
  }
}