{
  "dataset": "indonesia",
  "method": "snv",
  "winner": {
    "lv_count": 11,
    "preprocessing_specification": {
      "label": "snv"
    },
    "cv_mean_rmse": 1.638383998567623,
    "cv_se_rmse": 0.1382865122959603,
    "cv_minimum_mean_rmse": 1.5510732677844428,
    "cv_se_at_minimum": 0.13737382302163198,
    "cv_one_se_threshold": 1.6884470908060747,
    "n_candidates_within_one_se": 9
  },
  "train_metrics": {
    "rmse": 1.328031270962744,
    "r2": 0.839408974945093,
    "mbd": -3.7794826370218094e-17,
    "rpiq": 1.7789490742091696,
    "n": 188
  },
  "test_metrics": {
    "rmse": 1.3792819760569546,
    "r2": 0.5365015491984224,
    "mbd": 0.40400842518477864,
    "rpiq": 1.7635987725685724,
    "n": 48
  },
  "runtime_seconds": 1.882972002029419,
  "configuration": {
    "cv_n_repeats": 5,
    "cv_n_folds": 10,
    "cv_base_random_seed": 42,
    "plsr_lv_min": 1,
    "plsr_lv_max": 25,
    "sg_window_grid": [
      7,
      9,
      11,
      13,
      15,
      17,
      19,
      21,
      23,
      25,
      27,
      29,
      31
    ],
    "sg_polyorder_grid": [
      2,
      3
    ],
    "sgd_derivative_order": 2
  }
}