{
  "dataset": "indonesia",
  "method": "none",
  "winner": {
    "lv_count": 10,
    "preprocessing_specification": {
      "label": "none"
    },
    "cv_mean_rmse": 1.8199055351502202,
    "cv_se_rmse": 0.15546293326618552,
    "cv_minimum_mean_rmse": 1.6826465508271884,
    "cv_se_at_minimum": 0.14946075236178227,
    "cv_one_se_threshold": 1.8321073031889707,
    "n_candidates_within_one_se": 12
  },
  "train_metrics": {
    "rmse": 1.569296772529945,
    "r2": 0.7757590986128544,
    "mbd": 9.448706592554524e-18,
    "rpiq": 1.505451385203126,
    "n": 188
  },
  "test_metrics": {
    "rmse": 1.132811178108852,
    "r2": 0.687350875837708,
    "mbd": 0.35324340724792574,
    "rpiq": 2.147312850550157,
    "n": 48
  },
  "runtime_seconds": 1.7311370372772217,
  "configuration": {
    "cv_n_repeats": 5,
    "cv_n_folds": 10,
    "cv_base_random_seed": 42,
    "plsr_lv_min": 1,
    "plsr_lv_max": 25,
    "sg_window_grid": [
      7,
      9,
      11,
      13,
      15,
      17,
      19,
      21,
      23,
      25,
      27,
      29,
      31
    ],
    "sg_polyorder_grid": [
      2,
      3
    ],
    "sgd_derivative_order": 2
  }
}