{
  "dataset": "indonesia",
  "method": "msc",
  "winner": {
    "lv_count": 9,
    "preprocessing_specification": {
      "label": "msc"
    },
    "cv_mean_rmse": 1.6960087511716098,
    "cv_se_rmse": 0.15629708273497472,
    "cv_minimum_mean_rmse": 1.5670249631037327,
    "cv_se_at_minimum": 0.13404725017351074,
    "cv_one_se_threshold": 1.7010722132772436,
    "n_candidates_within_one_se": 11
  },
  "train_metrics": {
    "rmse": 1.411438738937338,
    "r2": 0.8186035708586205,
    "mbd": 1.4409277553645649e-16,
    "rpiq": 1.673823974661989,
    "n": 188
  },
  "test_metrics": {
    "rmse": 1.1189854684089675,
    "r2": 0.6949359314016303,
    "mbd": 0.3343617725667301,
    "rpiq": 2.173844137099168,
    "n": 48
  },
  "runtime_seconds": 2.0181353092193604,
  "configuration": {
    "cv_n_repeats": 5,
    "cv_n_folds": 10,
    "cv_base_random_seed": 42,
    "plsr_lv_min": 1,
    "plsr_lv_max": 25,
    "sg_window_grid": [
      7,
      9,
      11,
      13,
      15,
      17,
      19,
      21,
      23,
      25,
      27,
      29,
      31
    ],
    "sg_polyorder_grid": [
      2,
      3
    ],
    "sgd_derivative_order": 2
  }
}