{
  "dataset": "indonesia",
  "method": "sg",
  "winner": {
    "lv_count": 10,
    "preprocessing_specification": {
      "label": "sg",
      "window": 7,
      "polyorder": 2,
      "deriv": 0
    },
    "cv_mean_rmse": 1.8201172472670544,
    "cv_se_rmse": 0.1554112452520357,
    "cv_minimum_mean_rmse": 1.6730825653120833,
    "cv_se_at_minimum": 0.1495765780420406,
    "cv_one_se_threshold": 1.822659143354124,
    "n_candidates_within_one_se": 301
  },
  "train_metrics": {
    "rmse": 1.5695574082272135,
    "r2": 0.7756846066007268,
    "mbd": 1.8661195520295185e-16,
    "rpiq": 1.505201394747581,
    "n": 188
  },
  "test_metrics": {
    "rmse": 1.132912957527445,
    "r2": 0.6872946922897102,
    "mbd": 0.35346066835181406,
    "rpiq": 2.147119938771706,
    "n": 48
  },
  "runtime_seconds": 42.73861742019653,
  "configuration": {
    "cv_n_repeats": 5,
    "cv_n_folds": 10,
    "cv_base_random_seed": 42,
    "plsr_lv_min": 1,
    "plsr_lv_max": 25,
    "sg_window_grid": [
      7,
      9,
      11,
      13,
      15,
      17,
      19,
      21,
      23,
      25,
      27,
      29,
      31
    ],
    "sg_polyorder_grid": [
      2,
      3
    ],
    "sgd_derivative_order": 2
  }
}