{
  "dataset": "kenya",
  "method": "sg",
  "winner": {
    "lv_count": 19,
    "preprocessing_specification": {
      "label": "sg",
      "window": 7,
      "polyorder": 2,
      "deriv": 0
    },
    "cv_mean_rmse": 0.7602211145320529,
    "cv_se_rmse": 0.03701533355004163,
    "cv_minimum_mean_rmse": 0.7323731855247335,
    "cv_se_at_minimum": 0.03407355640189429,
    "cv_one_se_threshold": 0.7664467419266278,
    "n_candidates_within_one_se": 163
  },
  "train_metrics": {
    "rmse": 0.5095539820255511,
    "r2": 0.9482780736223704,
    "mbd": 1.0248212535001446e-16,
    "rpiq": 2.561063294633544,
    "n": 195
  },
  "test_metrics": {
    "rmse": 0.7566863528078014,
    "r2": 0.8932822272250629,
    "mbd": -0.16458682699464197,
    "rpiq": 1.6948898248806599,
    "n": 50
  },
  "runtime_seconds": 46.232094049453735,
  "configuration": {
    "cv_n_repeats": 5,
    "cv_n_folds": 10,
    "cv_base_random_seed": 42,
    "plsr_lv_min": 1,
    "plsr_lv_max": 25,
    "sg_window_grid": [
      7,
      9,
      11,
      13,
      15,
      17,
      19,
      21,
      23,
      25,
      27,
      29,
      31
    ],
    "sg_polyorder_grid": [
      2,
      3
    ],
    "sgd_derivative_order": 2
  }
}