{
  "dataset": "kenya",
  "method": "sgd",
  "winner": {
    "lv_count": 14,
    "preprocessing_specification": {
      "label": "sgd",
      "window": 27,
      "polyorder": 2,
      "deriv": 2
    },
    "cv_mean_rmse": 0.8160774924627305,
    "cv_se_rmse": 0.042234638472209145,
    "cv_minimum_mean_rmse": 0.7772401060471589,
    "cv_se_at_minimum": 0.04274423019116235,
    "cv_one_se_threshold": 0.8199843362383212,
    "n_candidates_within_one_se": 116
  },
  "train_metrics": {
    "rmse": 0.5297545229719645,
    "r2": 0.9440959027509592,
    "mbd": -7.743093915334425e-17,
    "rpiq": 2.4634051120108373,
    "n": 195
  },
  "test_metrics": {
    "rmse": 0.8635658563464793,
    "r2": 0.8610060567787081,
    "mbd": -0.21627428864984666,
    "rpiq": 1.4851212453279719,
    "n": 50
  },
  "runtime_seconds": 41.457393646240234,
  "configuration": {
    "cv_n_repeats": 5,
    "cv_n_folds": 10,
    "cv_base_random_seed": 42,
    "plsr_lv_min": 1,
    "plsr_lv_max": 25,
    "sg_window_grid": [
      7,
      9,
      11,
      13,
      15,
      17,
      19,
      21,
      23,
      25,
      27,
      29,
      31
    ],
    "sg_polyorder_grid": [
      2,
      3
    ],
    "sgd_derivative_order": 2
  }
}