{
  "dataset": "kenya",
  "method": "snv",
  "winner": {
    "lv_count": 15,
    "preprocessing_specification": {
      "label": "snv"
    },
    "cv_mean_rmse": 0.734675080776003,
    "cv_se_rmse": 0.0409149608737798,
    "cv_minimum_mean_rmse": 0.7012130493575528,
    "cv_se_at_minimum": 0.036985957193370333,
    "cv_one_se_threshold": 0.7381990065509232,
    "n_candidates_within_one_se": 11
  },
  "train_metrics": {
    "rmse": 0.5188561649435625,
    "r2": 0.9463724131740924,
    "mbd": 1.8219044506669236e-17,
    "rpiq": 2.5151479122194655,
    "n": 195
  },
  "test_metrics": {
    "rmse": 0.7094342340036173,
    "r2": 0.9061942989374131,
    "mbd": -0.13343013912090249,
    "rpiq": 1.8077785628730465,
    "n": 50
  },
  "runtime_seconds": 2.1139683723449707,
  "configuration": {
    "cv_n_repeats": 5,
    "cv_n_folds": 10,
    "cv_base_random_seed": 42,
    "plsr_lv_min": 1,
    "plsr_lv_max": 25,
    "sg_window_grid": [
      7,
      9,
      11,
      13,
      15,
      17,
      19,
      21,
      23,
      25,
      27,
      29,
      31
    ],
    "sg_polyorder_grid": [
      2,
      3
    ],
    "sgd_derivative_order": 2
  }
}