{
  "dataset": "kenya",
  "method": "none",
  "winner": {
    "lv_count": 19,
    "preprocessing_specification": {
      "label": "none"
    },
    "cv_mean_rmse": 0.7596753211439439,
    "cv_se_rmse": 0.03699139421505939,
    "cv_minimum_mean_rmse": 0.7316477545915682,
    "cv_se_at_minimum": 0.03388404858308178,
    "cv_one_se_threshold": 0.76553180317465,
    "n_candidates_within_one_se": 7
  },
  "train_metrics": {
    "rmse": 0.5081803884691743,
    "r2": 0.9485565491134792,
    "mbd": -1.3664283380001927e-17,
    "rpiq": 2.5679857578352014,
    "n": 195
  },
  "test_metrics": {
    "rmse": 0.7567435560030817,
    "r2": 0.8932660915347129,
    "mbd": -0.16468628188713869,
    "rpiq": 1.6947617060313322,
    "n": 50
  },
  "runtime_seconds": 2.075225830078125,
  "configuration": {
    "cv_n_repeats": 5,
    "cv_n_folds": 10,
    "cv_base_random_seed": 42,
    "plsr_lv_min": 1,
    "plsr_lv_max": 25,
    "sg_window_grid": [
      7,
      9,
      11,
      13,
      15,
      17,
      19,
      21,
      23,
      25,
      27,
      29,
      31
    ],
    "sg_polyorder_grid": [
      2,
      3
    ],
    "sgd_derivative_order": 2
  }
}